plate,drugs,drug_avg,drug_sd,ctrl_count,ctrl_avg,ctrl_sd,ttest_pval,wilcox_pval,ttest_color,wilcox_color,drug_to_ctlr,d_t_c_SD
1,Hydroxyurea,433309.875,26328.460099814783,4,635251.46875,23369.9348096333,4.0053121807487373e-4,0.05714285714285714,orange,gray,0.6821076318841648,0.04845041077092027
1,Tazemetostat,471045.8958333333,29959.356751557974,2,674215.5625,47738.193011466195,0.0562516063887594,0.2,gray,gray,0.6986577024218917,0.06649595536624672
1,Pemetrexed,579709.5833333334,30427.45371784011,2,713297.875,7532.543374937346,0.011679945533139334,0.2,orange,gray,0.8127173844914838,0.04351223254947468
1,Raloxifene (hydrochloride),700958.4166666666,26274.996090206456,2,735532.84375,23912.450990254598,0.2443477486962352,0.4,gray,gray,0.952994040474031,0.04728621519792606
1,Mifepristone,490302.6666666667,68029.85463722702,2,735343.0625,24180.842207888716,0.01488446928611149,0.2,orange,gray,0.666767243305116,0.09507714542004406
1,Fulvestrant,481200.2604166667,37597.178891142765,2,716423,2576.166780557889,0.008064575430855243,0.2,orange,gray,0.6716705918384344,0.052534571691543845
1,Enzalutamide,695305.6458333334,61612.187810007825,2,693385.25,30004.13171600288,0.9659937708711108,0.8,gray,gray,1.002769594296004,0.09888593618320844
1,Rucaparib,652074.5208333334,6016.298252693643,2,696961.40625,35061.58038591819,0.3166868172712808,0.2,gray,gray,0.9355963113392742,0.047851472472834694
1,5-Fluorouracil,448609.03125,39051.772863472834,2,744331.65625,31930.069617085916,0.004226718215951159,0.2,orange,gray,0.6027004595103838,0.05849004800847317
1,Gemcitabine,236350.57291666666,55833.86531567512,6,632449.90625,94700.83840678523,1.4812315277886907e-4,0.023809523809523808,orange,orange,0.3737063925237425,0.10452239243324662
1,Erlotinib,493561.6145833333,68935.37708221463,4,706564.484375,54121.01013492278,0.013291683798088122,0.05714285714285714,orange,gray,0.6985372538501127,0.11127297389758997
1,Saracatinib,720310.5625,8517.397834038355,4,741878.6875,33351.67730461618,0.2913360942656011,0.6285714285714286,gray,gray,0.9709276929457553,0.04513338102843453
1,Ipatasertib,853773.7916666666,27832.045070774348,4,775326,61535.12363410073,0.08099792737944737,0.22857142857142856,gray,gray,1.1011803959452755,0.09448211206839062
1,Vorinostat,507239.5520833333,42940.62251742421,4,782301.6875,62154.941182843286,9.691663359896943e-4,0.05714285714285714,orange,gray,0.6483937848892002,0.07527814281580975
1,Buparlisib,458519.1354166667,20868.150975074182,4,763755.296875,56007.924751942075,5.541179722739686e-4,0.05714285714285714,orange,gray,0.6003482231714201,0.05181451214415162
1,Everolimus,765880.0625,19901.310038635806,4,773335.765625,96542.82988505422,0.8892022213013824,1,gray,gray,0.9903590349025505,0.12628576245236955
1,Topotecan (Hydrochloride),349165.5208333333,19820.364718159763,4,742491.015625,94279.70098067868,0.002595856342560241,0.05714285714285714,orange,gray,0.4702622839677318,0.06540799302733784
1,Bortezomib,400677.8020833333,142110.18816897066,4,701011.21875,61576.88849453152,0.05261027850634828,0.05714285714285714,gray,gray,0.5715711694283542,0.20884639809927033
1,FRAX597,650158.4791666666,27887.850738587014,6,621543.8333333334,115017.48339982565,0.5851497248707516,0.9047619047619047,gray,gray,1.0460380174313262,0.19870280612836916
1,Ganetespib,424354.3958333333,44265.66073460141,4,727512.75,31511.20137079399,0.0010726344616597732,0.05714285714285714,orange,gray,0.5832947887625795,0.06588200640471173
1,Afatinib,400795.53125,30025.435446451454,4,735184.703125,41296.519095842305,6.06822435871889e-5,0.05714285714285714,orange,gray,0.5451630448054284,0.05104615225632928
1,Volasertib,473685.9375,58754.97688757583,4,773396.328125,69690.19253371592,0.0018256060330336076,0.05714285714285714,orange,gray,0.6124750277110711,0.09390076678969013
1,PF-573228,828411.7708333334,22780.437753124024,4,815869.421875,40150.404244001154,0.624458220571134,0.8571428571428572,gray,gray,1.0153729857034095,0.05724031912753912
1,ART558,775588.7291666666,34587.879402753606,4,828999.78125,26341.45180329795,0.09564579000289612,0.11428571428571428,gray,gray,0.9355716933932142,0.05122988393999993
1,Mirin,370369.4635416667,240640.02432987737,4,835193.109375,46638.940803410165,0.07505541654717232,0.05714285714285714,gray,gray,0.44345368679924246,0.28918721903093403
1,Ferrostatin-1,224172.17708333334,10331.01915927088,4,655214.4765625,267235.95675943594,0.04821323069572731,0.05714285714285714,orange,gray,0.3421355679737486,0.1404314806845507
1,Barasertib,641212.7291666666,21682.36475021713,4,598672.4765625,231861.52528490708,0.738932506422878,0.8571428571428571,gray,gray,1.0710576388084971,0.4163909593213949
1,Infigratinib,653832.8958333334,27947.77173623746,6,636735.4583333334,89928.43079782308,0.6835966417185715,0.7142857142857142,gray,gray,1.0268517125538335,0.1515224663192746
1,Prexasertib,429891.3645833333,17705.708475115993,4,664376.015625,128840.72567728907,0.03406518075325613,0.05714285714285714,orange,gray,0.647060331006863,0.1282815165355288
1,Silmitasertib,464414.1979166667,23905.256570378784,4,665528.40625,135188.84760372498,0.05605746963632621,0.11428571428571428,gray,gray,0.6978127357981073,0.1462270004916598
1,Olaparib,461921.1041666667,17167.71105043602,4,768426.921875,54972.26104615871,6.608902995625054e-4,0.05714285714285714,orange,gray,0.6011256126211145,0.04846089972890544
1,T0070907,734701.7916666666,49248.90277348245,4,794849.625,38593.6911823101,0.1599583701525595,0.22857142857142856,gray,gray,0.9243280345847388,0.0765068753828072
1,Dabrafenib,668758.3958333334,16437.5000619455,4,795497.734375,60825.32904102446,0.02056211944560116,0.05714285714285714,orange,gray,0.8406791960994808,0.06751950703164936
1,Selumetinib,506036.8125,69602.58237296481,4,783003.078125,54060.839789016274,0.005786441961420818,0.05714285714285714,orange,gray,0.6462769133829834,0.09946245593566773
1,Y-27632,400005.375,48405.82385759002,4,582816.2265625,237916.72883488686,0.2228505907704466,0.4,gray,gray,0.6863319117919313,0.2922250908967427
1,IWR-1,685664.1458333334,15505.799016811085,4,583052.6953125,240297.08254774124,0.4563542529886757,1,gray,gray,1.1759900114445685,0.48539704887059154
1,Apoptozole,393479.7291666667,27583.40104673485,5,639345.525,67060.5232426451,0.00045375215397543774,0.03571428571428571,orange,orange,0.6154414378151262,0.07764312581934288
1,Gefitinib,444603.7291666667,8374.81844977739,4,618052.34375,114554.31642671037,0.05585101051408345,0.05714285714285714,gray,gray,0.7193625809572325,0.13401867504092835
1,Paclitaxel,409307.28125,6312.340831610256,4,614217.8125,134231.07681315555,0.05506629716018503,0.05714285714285714,gray,gray,0.6663878398186311,0.14599447427600565
1,SGI-1027,643988,41486.775630681026,4,709400.578125,119964.19138758456,0.3700270419552563,0.6285714285714286,gray,gray,0.9077917609006037,0.16427552595115813
1,PFK-015,469393.5729166667,4748.085147581591,4,734185.546875,68031.36267224583,0.0042534341367143295,0.05714285714285714,orange,gray,0.6393391628514093,0.059594616465329625
1,Nedisertib,449064.4479166667,3838.112128542237,4,715637.703125,34158.947899754814,4.8740515487138167e-4,0.05714285714285714,orange,gray,0.6275025001557651,0.030428441005973972
1,Lapatinib,629968.5,16009.621032659548,4,723835.140625,34580.85571030923,0.006794465318595533,0.05714285714285714,orange,gray,0.8703204150271701,0.04709584572624701
1,Dinaciclib,322773.9375,22710.78419343251,4,674383.40625,104596.40459775539,0.005081390634483845,0.05714285714285714,orange,gray,0.47862081793327044,0.08151533048011735
1,TAK-580,428276.9791666667,25005.01604921339,4,623968.328125,102806.42911606905,0.027598418652321332,0.05714285714285714,orange,gray,0.6863761506190899,0.11997931031852059
1,KU-55933,550144.7291666666,5550.930141065512,3,627678.7708333334,13847.641472570866,0.004804999422292937,0.1,orange,gray,0.87647496574764,0.021262860787607286
1,GSK2606414,364910.3541666667,15824.176958329575,4,612079.421875,32908.9671634343,9.351414552648783e-5,0.05714285714285714,orange,gray,0.5961813796138197,0.04118077783608564
1,Tipifarnib,384371.4791666667,36888.29318538857,4,596694.640625,32626.257668701724,0.0012496090629929009,0.05714285714285714,orange,gray,0.6441678087875262,0.07115077702725243
1,Axitinib,595039.875,9651.009625576422,4,602727.390625,42388.52443177965,0.746345586170545,1,gray,gray,0.9872454516841712,0.07125331648666837
1,Laduviglusib,603080.625,14999.594104404125,4,623723.09375,46631.32843025784,0.45579575702321723,0.4,gray,gray,0.9669044341040963,0.076183751735245
1,Berzosertib,426117.6666666667,39176.58988567838,4,656100.484375,31138.876432568137,0.0014197948726768941,0.05714285714285714,orange,gray,0.649470129674703,0.06719796309434546
1,Ceritinib,405264.0416666667,36059.98494053288,4,666899.03125,25385.032525672035,9.09257096634264e-4,0.05714285714285714,orange,gray,0.6076842560515665,0.058810997005308105
1,Navitoclax,630600.0208333334,35774.75389291949,4,675654.78125,30795.182144598697,0.1549694505416342,0.22857142857142856,gray,gray,0.9333168924915876,0.06791968973761227
1,Ro-3306,646850.8958333334,48850.63160824781,4,669776.734375,44041.28150183522,0.5553657795366729,0.6285714285714286,gray,gray,0.9657709243020216,0.09670795271919498
1,Empesertib,416965.625,26016.324353738102,4,616410.21875,59769.62509096341,0.0031557772845488548,0.05714285714285714,orange,gray,0.6764417790567331,0.07799666314913603
1,SGX-523,364598.9583333333,37229.44557940313,2,595145.9375,53741.087642001745,0.04996085509723471,0.2,orange,gray,0.6126210990616622,0.08350657204554228
1,Alisertib,521154.9479166667,35787.388540779066,4,582375.40625,34488.11017875324,0.07992770327166121,0.11428571428571428,gray,gray,0.894878015664259,0.08114555137794545
1,Onvansertib,469719.5625,26356.45392244964,4,588662.140625,35392.64433548683,0.0038102655524961827,0.05714285714285714,orange,gray,0.7979442367421231,0.06562250125365147
1,AZD1390,399225.90625,36191.262185479594,4,617450.9375,32232.017534693216,0.0010301650935366387,0.05714285714285714,orange,gray,0.6465710585304602,0.0676373160531578
1,Camptothecin,235246.109375,12020.791837241302,4,637376.71875,24958.51252905029,3.129342496536387e-6,0.05714285714285714,orange,gray,0.369084879404375,0.023760724711037663
1,Tomivosertib,601900.25,8191.50288051016,4,661529.6875,39851.23525058409,0.05448403302982472,0.05714285714285714,gray,gray,0.9098612826805298,0.056192303117629454
1,FRAX1036,616373.2291666666,9218.851287861646,4,669302.359375,32840.940835596084,0.04296747113868101,0.05714285714285714,orange,gray,0.9209189546892393,0.04723974834093441
1,Trametinib,397333.2291666667,33582.94658749247,4,664221.28125,14705.505185266715,0.0020685157459701922,0.05714285714285714,orange,gray,0.5981940663191702,0.05226563633284241
1,Lonafarnib,400656.375,26263.209994325804,4,643229.96875,28943.817969873588,1.2390470457066202e-4,0.05714285714285714,orange,gray,0.6228820087139324,0.04952459899055879
1,Niclosamide,627797.5,15766.345456655254,4,614082.8125,8806.57799986512,0.2698107853744346,0.22857142857142856,gray,gray,1.0223336123741453,0.02956586623487493
1,BML-277,386996.90625,33081.593156297495,2,556561.375,825.7239437305909,0.012390681760973282,0.2,orange,gray,0.6953355436316435,0.05944820591008752
1,Ceralasertib,534397.9375,37020.431348783604,4,551457.6796875,22810.114685430315,0.5300922729252326,0.22857142857142856,gray,gray,0.9690642767053903,0.07818825132737346
1,ZN-c3,495555.5,37445.47830882078,4,584150.3359375,51420.2281062199,0.046158141826538095,0.11428571428571428,orange,gray,0.8483355559569874,0.09841508239821267
1,(+)-JQ-1,453193.3333333333,35490.84257957449,4,615749.71875,17583.10194043293,0.007165338662468307,0.05714285714285714,orange,gray,0.7360025015575101,0.06135064574499296
1,Adavosertib,311757.4270833333,5850.371704715294,4,619460.171875,35033.55710947954,2.776816813207717e-4,0.05714285714285714,orange,gray,0.5032727546303694,0.029988554371487026
1,Adapalene,591797.4791666666,28823.571075904325,4,651075.625,53503.47848614319,0.12217972533715342,0.22857142857142856,gray,gray,0.9089535169845541,0.08682889015881154
1,LB-100,596820.6458333334,18559.5162333965,4,662757.25,38350.45873920953,0.03424955310534118,0.05714285714285714,orange,gray,0.9005116818161301,0.059156165531637925
1,Palbociclib (monohydrochloride),395051.3020833333,18925.036039387676,4,633510.09375,61162.91305876982,0.0024087272627267772,0.05714285714285714,orange,gray,0.6235911723913765,0.06720929779635856
1,Copanlisib (dihydrochloride),314642.6770833333,10286.967667221392,4,580702.640625,91594.68938683491,0.00948807820163401,0.05714285714285714,orange,gray,0.5418309734990855,0.08728005616737815
1,Oxaliplatin,607826.4791666666,13189.213895193947,4,578678.828125,71836.59767804087,0.4809308087034342,0.8571428571428571,gray,gray,1.0503693061246238,0.13236875213539845
2,Hydroxyurea,444366.2916666667,29902.630981170012,4,560566.65625,16389.733785947188,0.009799084591744759,0.05714285714285714,orange,gray,0.7927091037474934,0.05816110156381254
2,Tazemetostat,429547.8645833333,55603.55457051557,2,553760.28125,12102.795472615124,0.052949573421471545,0.2,gray,gray,0.775692802693825,0.10183200617746803
2,Pemetrexed,477258.1979166667,20125.345953459266,2,546121.90625,1300.5019531235334,0.026685889509562164,0.2,orange,gray,0.873904145676571,0.03691009399693929
2,Raloxifene (hydrochloride),514260.5104166667,41565.42727245953,2,552817.34375,8168.276565397876,0.24632845377979357,0.8,gray,gray,0.9302539369119905,0.07643440806459888
2,Mifepristone,453036.65625,58897.59601003034,2,560070.375,2089.0585966680064,0.0875613498985709,0.2,gray,gray,0.8088923758018802,0.10520433665494179
2,Fulvestrant,444329.3125,14768.45222956136,2,550557.8125,15541.853497089722,0.013170063856550649,0.2,orange,gray,0.807052960491774,0.03519373201223594
2,Enzalutamide,532625.9166666666,25672.456800797274,2,549651.375,14259.957291146158,0.41239803049273865,0.8,gray,gray,0.9690249872779207,0.05304287445748712
2,Rucaparib,520061.1979166667,13105.688012000883,2,550880.40625,12521.844628815801,0.0992465368375168,0.2,gray,gray,0.9440546296733833,0.03203858424528609
2,5-Fluorouracil,457803.8958333333,35511.48363295741,2,545641.6875,5113.1775231075735,0.046704250180405686,0.2,orange,gray,0.8390192800899827,0.06555525584546858
2,Gemcitabine,246228.5625,6574.4641499987765,6,551404.875,47142.01727320862,1.121911962322248e-5,0.023809523809523808,orange,orange,0.4465476706204311,0.039995851343403166
2,Erlotinib,468202.4895833333,13733.92477064711,4,562194.171875,18477.27175973954,5.886516703197463e-4,0.05714285714285714,orange,gray,0.8328127771616866,0.03668764496344368
2,Saracatinib,518918.7708333333,41202.940570327344,4,559540.53125,19709.872763817766,0.22288227256407572,0.4,gray,gray,0.9274015765651173,0.08055810513540057
2,Ipatasertib,452746.6770833333,93905.17673581943,4,549486.40625,11473.24728404672,0.21522212356779824,0.11428571428571428,gray,gray,0.8239451821440457,0.17176003628212194
2,Vorinostat,271386.234375,125009.5213854598,4,556608.0625,15988.83292951417,0.056832945130504665,0.05714285714285714,gray,gray,0.48757151155172135,0.22502792748780043
2,Buparlisib,529438.03125,42947.205500608805,4,568053.25,24701.084953714584,0.2578367711396466,0.4,gray,gray,0.9320218329003487,0.0857816781604084
2,Everolimus,676787.4791666666,77146.28635343572,4,577174.65625,33152.62685692226,0.1425072665647586,0.22857142857142856,gray,gray,1.1725869662466952,0.14967269933910798
2,Topotecan (Hydrochloride),293750.125,31044.678751379714,4,578718.25,33092.38517035333,1.3169061115089888e-4,0.05714285714285714,orange,gray,0.5075874572816738,0.06099272253747037
2,Bortezomib,269852.625,11448.333420777071,4,564366.890625,27097.069355412186,2.5873700437431337e-5,0.05714285714285714,orange,gray,0.47815105648943296,0.03063563445870585
2,FRAX597,553209.0208333334,24903.886721969266,6,533246.2604166666,58423.562892619266,0.4967533979897818,0.9047619047619049,gray,gray,1.0374362876939227,0.12288427081126754
2,Ganetespib,346242.3125,4516.826929465218,4,585974.90625,22779.885987771875,1.3277519875759867e-4,0.05714285714285714,orange,gray,0.5908824913950826,0.024229494295811903
2,Afatinib,314021.84375,28384.480519748402,4,578015.40625,22153.58390849854,2.7831321367227825e-4,0.05714285714285714,orange,gray,0.5432759064110153,0.05333889345621089
2,Volasertib,372685.4583333333,11870.963881378031,4,552560.453125,12399.394172907934,1.4232281564034244e-5,0.05714285714285714,orange,gray,0.6744700172182329,0.026279504885097015
2,PF-573228,602536.6666666666,17162.520983956278,4,567000.828125,29890.255866181007,0.10647707591275041,0.22857142857142856,gray,gray,1.0626733450446257,0.06367485978196014
2,ART558,565254.125,16004.683793077771,4,583702.21875,22211.843858515036,0.25773230590518736,0.4,gray,gray,0.9683946828410098,0.04593244502112644
2,Mirin,501169.3333333333,43115.448718080836,4,587552.078125,22574.74348751317,0.05513828490273873,0.05714285714285714,gray,gray,0.8529785732911849,0.08036731325977134
2,Ferrostatin-1,215052.234375,13607.245200266862,4,509402.78515625,178611.53265257998,0.04529632902293044,0.05714285714285714,orange,gray,0.4221654074958319,0.15041446586371035
2,Barasertib,521675.5625,24884.335534177702,4,490273.23828125,166857.57361110108,0.734054284592953,0.4,gray,gray,1.064050659442145,0.3656742508917214
2,Infigratinib,545586.6979166666,22740.353516620457,6,491585.2265625,154586.00181120035,0.4375677257407131,0.9047619047619049,gray,gray,1.109851696992161,0.35206108994827756
2,Prexasertib,300684.46875,30959.963874594734,4,560157.96875,93930.58896923873,0.007607599682858204,0.05714285714285714,orange,gray,0.5367851312032237,0.1056258132276181
2,Silmitasertib,412802.6666666667,35315.491840575174,4,543169.75,84105.28520580308,0.04637522370839197,0.22857142857142856,orange,gray,0.7599883216373273,0.13444454007355064
2,Olaparib,459372.5416666667,31843.503046336536,4,564453.015625,15235.409652162482,0.0173002270522473,0.05714285714285714,orange,gray,0.8138366329002934,0.06054058648448302
2,T0070907,562174.2291666666,8084.9061176360965,4,573413.109375,24132.532632772094,0.4359789540702405,0.8571428571428571,gray,gray,0.9804000291856192,0.04360344429340114
2,Dabrafenib,520233.4166666667,37137.481594344106,4,585568.390625,21431.870978802068,0.07222444594112223,0.05714285714285714,gray,gray,0.8884246912839698,0.07127113549892873
2,Selumetinib,529378.6458333334,36100.87750028196,4,574661.84375,20272.551559319327,0.14734882027705587,0.22857142857142856,gray,gray,0.9212002703691485,0.07072889312591277
2,Y-27632,415733.65625,17036.963795814172,4,478997.39453125,159212.76152661024,0.48630829657678626,0.4,gray,gray,0.8679246714000182,0.29067167917392545
2,IWR-1,551054.5625,32757.971972662148,4,440590.16796875,142215.6971980882,0.21946403214326066,0.4,gray,gray,1.2507191548112009,0.4105021196008345
2,Apoptozole,385194.71875,8390.383358485102,5,495696.009375,172260.62849043703,0.22499266988790695,0.25,gray,gray,0.7770785147850475,0.2705745634298424
2,Gefitinib,424452.6770833333,43697.92976497246,4,537486.578125,86111.27691024536,0.07749989331964585,0.22857142857142856,gray,gray,0.7896991187464051,0.15038851229161476
2,Paclitaxel,366098.5104166667,10347.864521466368,4,527260.9453125,77342.66752533066,0.02371251219372068,0.05714285714285714,orange,gray,0.694340276235869,0.10372474668211422
2,SGI-1027,483814.0104166667,38684.28540580461,4,550501.6015625,27325.41783259966,0.07322962079400487,0.05714285714285714,gray,gray,0.8788603140180654,0.0827108597630934
2,PFK-015,450306.125,43418.40768591668,4,548317.21875,24187.317183982886,0.0402817277182216,0.05714285714285714,orange,gray,0.8212511108561644,0.0870782972450742
2,Nedisertib,455994.8958333333,1047.3272858495075,4,567596.375,33304.12973145028,0.006734839166911022,0.05714285714285714,orange,gray,0.8033788021167917,0.04717493524184673
2,Lapatinib,431946.5625,10997.962517135631,4,565557.96875,27492.346068312247,7.820860037534169e-4,0.05714285714285714,orange,gray,0.7637529419922969,0.041911274648326814
2,Dinaciclib,313540.15625,70403.88498410772,4,541730.53125,11529.51466735889,0.028253227680734606,0.05714285714285714,orange,gray,0.5787751255712523,0.13054353158113044
2,TAK-580,411626.1770833333,4278.80112812871,4,513920.4140625,53549.606460494295,0.030981198672281454,0.05714285714285714,orange,gray,0.8009531550409938,0.0838721801802205
2,KU-55933,528242.0833333334,17233.166874737562,3,577622.2708333334,13624.17729344334,0.01945868695644402,0.1,orange,gray,0.9145112818646008,0.03681553259261821
2,GSK2606414,412047.53125,43378.125339661674,4,556011.8125,31872.622377745683,0.011149762606352994,0.05714285714285714,orange,gray,0.741076937551574,0.08883263748221945
2,Tipifarnib,367060.90625,35760.8516796033,4,534632.2109375,33858.17583143554,0.0025772830504708437,0.05714285714285714,orange,gray,0.6865671366982234,0.07977859835336282
2,Axitinib,476772.6354166667,85748.33934897951,4,536177.984375,34658.62274636435,0.35442381018667707,0.4,gray,gray,0.8892059154059083,0.16994062753625921
2,Laduviglusib,477582.25,42511.27569357013,4,541858.9765625,16438.852709695147,0.10786310327475852,0.11428571428571428,gray,gray,0.8813773890574532,0.08288600228261696
2,Berzosertib,424629.7916666667,14631.607176543694,4,542664.703125,17004.742169800553,2.2734815274185185e-4,0.05714285714285714,orange,gray,0.7824901623809047,0.03644446763774387
2,Ceritinib,437212.03125,8181.979922735981,4,547953.046875,20474.925284024685,5.119860895995082e-4,0.05714285714285714,orange,gray,0.7979005386381902,0.03334466803862823
2,Navitoclax,526307.5625,3864.547981026533,4,545319.1015625,20669.446680366404,0.16221077341373574,0.22857142857142856,gray,gray,0.9651368547185926,0.037262077984090244
2,Ro-3306,537887.5,21527.4349066524,4,537685.0859375,11520.977021313547,0.9891796598629057,0.8571428571428572,gray,gray,1.0003764546716916,0.04541413603452137
2,Empesertib,403885.1354166667,16699.23896482207,4,542234.09375,9321.161323599808,0.0011122409306039617,0.05714285714285714,orange,gray,0.7448538188063109,0.033352817293504373
2,SGX-523,384992.3125,22362.40952300992,2,581184.34375,13139.060460444009,0.001149562071850748,0.2,orange,gray,0.6624271913725308,0.04128893752150125
2,Alisertib,474446.9166666667,39681.30090529365,4,570257.34375,29815.948914169137,0.02914151147380511,0.05714285714285714,orange,gray,0.831987385812016,0.08206311033515226
2,Onvansertib,422687.46875,16143.972757367532,4,543905.4140625,39611.41961061991,0.004598382526755298,0.05714285714285714,orange,gray,0.7771341446905126,0.06390783085783067
2,AZD1390,385488.6041666667,24646.27535303599,4,536934.8203125,26039.41830625463,7.818693652024698e-4,0.05714285714285714,orange,gray,0.7179430157692316,0.05761289247498815
2,Camptothecin,292308.96875,7628.427327325157,4,566776.78125,32648.149809213442,2.3180232816658793e-4,0.05714285714285714,orange,gray,0.5157391382641435,0.032614895847295274
2,Tomivosertib,548529.3541666666,52966.41127581519,4,571727.9375,29263.919617289608,0.544154957244239,0.4,gray,gray,0.9594237366906119,0.10485359850748756
2,FRAX1036,557937.3541666666,9210.24521260439,4,553200.515625,7140.6837636850805,0.5036463656823483,0.4,gray,gray,1.0085626068810059,0.021134579784275347
2,Trametinib,464030.7916666667,46523.45303459369,4,539515.5078125,13808.886234947528,0.0984471200178677,0.05714285714285714,gray,gray,0.8600879584501826,0.0889975029482823
2,Lonafarnib,399265.8229166667,21586.535180386767,4,538428.0546875,12657.579932294784,0.0020663289581570534,0.05714285714285714,orange,gray,0.7415397831533832,0.04371772165585544
2,Niclosamide,486600.9791666667,14455.572278021065,4,535682.421875,16463.07819460266,0.009506002402965003,0.05714285714285714,orange,gray,0.9083758572167852,0.038827428357699256
2,BML-277,385269.6458333333,15113.139479799438,2,538442.65625,73584.9346016566,0.2002755920575835,0.2,gray,gray,0.7155258621531869,0.10173418602669597
2,Ceralasertib,446556.7604166667,43477.666045454775,4,553613.59375,49430.12076729137,0.03058806068195537,0.11428571428571428,orange,gray,0.8066217402499732,0.10655778189726199
2,ZN-c3,372819.75,27369.670302789516,4,544560.796875,45363.729238028754,0.0017089865159601008,0.05714285714285714,orange,gray,0.6846246592473275,0.07601756134383446
2,(+)-JQ-1,333441.125,31759.569843183068,4,515436.265625,43477.86316859082,0.0013863386375260551,0.05714285714285714,orange,gray,0.6469104858108518,0.08230611652594834
2,Adavosertib,288197.59375,11839.774390014589,4,540374.5,58249.06144010945,0.0023520165036864395,0.05714285714285714,orange,gray,0.533329373887924,0.06152333312716668
2,Adapalene,483541.5520833333,5854.86316559367,4,547486.6796875,54526.59797153315,0.09976672705835252,0.11428571428571428,gray,gray,0.8832024047769237,0.08860968563504937
2,LB-100,482578.1666666667,25246.39521934992,4,521118.7109375,41140.92991993103,0.18791560781553518,0.6285714285714286,gray,gray,0.9260426780656209,0.08770366773352264
2,Palbociclib (monohydrochloride),355658.0729166667,8187.037420456702,4,502681.0546875,47487.225821357235,0.007186442054408227,0.05714285714285714,orange,gray,0.7075223336948065,0.06879387038604348
2,Copanlisib (dihydrochloride),255436.08333333334,16813.212781775153,4,487234.234375,60741.03454296184,0.00286225528221968,0.05714285714285714,orange,gray,0.5242572572122197,0.07390695168496797
2,Oxaliplatin,515183.9895833333,15574.589283319016,4,503083.9140625,52750.68673285073,0.6884614352675966,0.8571428571428571,gray,gray,1.0240518036506532,0.11175036737128105
3,Hydroxyurea,544016.1145833334,41793.34542716658,4,652626.515625,52883.21657416598,0.029403019336754516,0.11428571428571428,orange,gray,0.8335795459710156,0.09307753438523372
3,Tazemetostat,592748.2083333334,37627.518546953135,2,662812.71875,10445.160400818559,0.072759296263522,0.2,gray,gray,0.8942921455267161,0.05849259945602904
3,Pemetrexed,507302.8229166667,33022.02045035059,2,721533.25,72598.2112826846,0.11555860089505317,0.2,gray,gray,0.7030900141007593,0.08425599170263416
3,Raloxifene (hydrochloride),677602.9166666666,39344.47067252655,2,753612.15625,27231.78699783955,0.08645802674069246,0.2,gray,gray,0.8991401094675039,0.06149218201980575
3,Mifepristone,590854.5416666666,47411.853921923386,2,743758,13295.90558334595,0.021999736544724483,0.2,orange,gray,0.7944177295123772,0.0653091110866456
3,Fulvestrant,587912.8541666666,65992.13643171142,2,762637.1875,13403.297425738656,0.03804809580857582,0.2,orange,gray,0.7708945535345622,0.08758572610187773
3,Enzalutamide,705896.9166666666,37556.55465409037,2,727774.75,62706.229355623036,0.7133244513534339,0.8,gray,gray,0.9699387298977694,0.09822030524806322
3,Rucaparib,477106.3958333333,28134.808404837026,2,697107.34375,19335.967514067615,0.0021769845929883454,0.2,orange,gray,0.6844087931519991,0.04460112848997727
3,5-Fluorouracil,487657.7708333333,11966.247296119533,2,717830.09375,9970.426585599442,4.0228202524458654e-4,0.2,orange,gray,0.6793498560164445,0.01915533705754413
3,Gemcitabine,284454.0520833333,12731.416298402002,6,667793.5625,65259.706691682084,1.2987174608771714e-5,0.023809523809523808,orange,orange,0.4259610575136883,0.04578492004259842
3,Erlotinib,594647.7083333334,45253.129686413566,4,689405.484375,32457.594089184557,0.04418768465400548,0.05714285714285714,orange,gray,0.8625514618184797,0.07718703686018037
3,Saracatinib,616961.9791666666,18564.95567156678,4,730862.65625,51746.74600091868,0.01570039121237248,0.05714285714285714,orange,gray,0.8441558395283884,0.06494201874586181
3,Ipatasertib,811439.8541666666,34580.19942491551,4,774543.640625,33354.88929397723,0.22355972002669403,0.22857142857142856,gray,gray,1.0476360680101822,0.06347163744192078
3,Vorinostat,352177.2708333333,40052.74168099342,4,777138.90625,39556.96291641426,7.98214837178307e-5,0.05714285714285714,orange,gray,0.45317158618750253,0.05646517150878551
3,Buparlisib,410859.3854166667,19740.198065974902,4,778694.15625,21772.656518645268,4.803974261654439e-6,0.05714285714285714,orange,gray,0.527626131670571,0.029330590829055894
3,Everolimus,790181.4166666666,52054.752072349766,4,772519.078125,68533.28527581535,0.7144018189926108,0.8571428571428572,gray,gray,1.0228633040164332,0.11302502718315202
3,Topotecan (Hydrochloride),253308.88020833334,9282.441515535618,4,738011.328125,75690.57864531381,8.697977602652579e-4,0.05714285714285714,orange,gray,0.34323169652679014,0.037381429465384565
3,Bortezomib,326898.9270833333,81861.7679405823,4,728960.71875,29906.27500035963,0.008418112259836016,0.05714285714285714,orange,gray,0.4484451887118003,0.11379635844469184
3,FRAX597,725697.6458333334,13102.841329706254,6,643278.6145833334,77868.46965584233,0.04841156816099364,0.047619047619047616,orange,orange,1.1281233813491294,0.13806935602237472
3,Ganetespib,392097.9270833333,19764.031696882208,4,710011.46875,11058.56080295045,1.5942007903465137e-4,0.05714285714285714,orange,gray,0.5522416810726106,0.029134801246710088
3,Afatinib,520470.875,29553.461336446595,4,735770.765625,36132.31246284183,3.760413378235298e-4,0.05714285714285714,orange,gray,0.7073818359144595,0.053104641096972945
3,Volasertib,569399.5416666666,43526.47629040415,4,783869.390625,24409.150637618157,0.004896168007567122,0.05714285714285714,orange,gray,0.7263959385028023,0.05995804740649412
3,PF-573228,905057.3958333334,34682.102270363124,4,799152,13911.269695432638,0.023754042385842097,0.05714285714285714,orange,gray,1.1325222183431105,0.04766654660207874
3,ART558,819871.8125,6834.473163732611,4,806718.84375,29086.172458268473,0.4395628088970185,0.4,gray,gray,1.016304278562354,0.0376093778623369
3,Mirin,630593.2291666666,8436.919195827768,4,810327.109375,46102.32497078552,0.0034590054313982537,0.05714285714285714,orange,gray,0.7781958938200143,0.04548203251294366
3,Ferrostatin-1,240471.67708333334,8287.932430747966,4,674041.8671875,204770.97470893266,0.023962331854976444,0.05714285714285714,orange,gray,0.3567607426030121,0.1090776024745745
3,Barasertib,697194.4583333334,21600.05366623228,4,656385.8515625,186616.93598792265,0.692999333224547,0.6285714285714286,gray,gray,1.0621716733742663,0.30377351093592153
3,Infigratinib,677958.125,18128.0074792562,6,672767.09375,69040.54243261878,0.8684397730461281,0.5476190476190476,gray,gray,1.007715941071174,0.10686639276199389
3,Prexasertib,420288.7604166667,20317.017117987354,4,706882.6875,27060.858991816945,1.7829255275182186e-5,0.05714285714285714,orange,gray,0.5945664929255559,0.03666274593846797
3,Silmitasertib,536829.71875,26869.84795549404,4,727264.609375,43906.1043678301,9.363459879772071e-4,0.05714285714285714,orange,gray,0.7381491025822681,0.057887138796720986
3,Olaparib,536672.0729166666,16536.80228162317,4,782201,24660.1241668504,1.918504918414565e-5,0.05714285714285714,orange,gray,0.6861050713520779,0.03024629255582091
3,T0070907,758825.0416666666,19641.117238992116,4,806795.484375,23753.671868971942,0.03393972635460193,0.05714285714285714,orange,gray,0.9405420039683358,0.036871065271626674
3,Dabrafenib,584817.3958333334,9740.416019239865,4,809693.609375,39539.82624365692,8.215366359704155e-4,0.05714285714285714,orange,gray,0.7222699908484546,0.037265730091094455
3,Selumetinib,735458.875,39546.66883287825,4,809511.15625,55978.5721329418,0.09562734291488302,0.22857142857142856,gray,gray,0.9085222227287865,0.07958383887044984
3,Y-27632,632581.2708333334,5618.0821114217515,4,679090.0859375,209827.650589287,0.6876497991662025,0.4,gray,gray,0.9315130406594582,0.287941057109298
3,IWR-1,683422.0833333334,14177.025550320035,4,664883.9765625,193699.87198141558,0.8607547231977903,0.4,gray,gray,1.0278817168473164,0.300209759737109
3,Apoptozole,414931.8229166667,17807.65836848531,5,704040.4375,33206.86822067674,3.7902638717743803e-6,0.03571428571428571,orange,orange,0.5893579414132255,0.03758292432583046
3,Gefitinib,543125.7083333334,12026.189570568044,4,680781.828125,42891.689936821014,0.0050836442917165355,0.05714285714285714,orange,gray,0.7977970120459924,0.05327792905926557
3,Paclitaxel,415588.6770833333,18943.651404403943,4,665803.5625,84391.70209449653,0.007429608521607914,0.05714285714285714,orange,gray,0.6241911285707987,0.08407778852594362
3,SGI-1027,625513.6041666666,27854.616962546952,4,689309.15625,121530.45406834697,0.3766518809878911,0.8571428571428571,gray,gray,0.9074500149825431,0.16501465663321874
3,PFK-015,584690.8958333334,20997.27163845614,4,761293.59375,103923.82195971646,0.03911057066963906,0.05714285714285714,orange,gray,0.768022876631928,0.10840963858462796
3,Nedisertib,627635.9583333334,24078.126728531195,4,777958.484375,46320.40818938997,0.0032446857379523283,0.05714285714285714,orange,gray,0.8067730745780947,0.057143591699084215
3,Lapatinib,586431.7916666666,22127.82106858896,4,768130.609375,69021.45509278963,0.009096068517909697,0.05714285714285714,orange,gray,0.763453225934877,0.07440419279600533
3,Dinaciclib,348046.4583333333,13446.352569822277,4,752261.234375,76322.47347525619,0.001343627939473571,0.05714285714285714,orange,gray,0.46266701303902785,0.05022905106354365
3,TAK-580,513513.15625,5560.940547993686,4,731639.9375,48125.18138171988,0.002532084680127955,0.05714285714285714,orange,gray,0.7018659451596708,0.04678821625829316
3,KU-55933,630737.25,23953.326660599254,3,689521.5,20509.193391032746,0.0331077646466042,0.1,orange,gray,0.9147463132041568,0.04412588540489298
3,GSK2606414,561097.9791666666,7269.226933067029,4,681507.265625,26382.987499561495,0.0015568816810030213,0.05714285714285714,orange,gray,0.823319144884086,0.03361033050035685
3,Tipifarnib,560763.25,36657.265764219155,4,679130.21875,33017.432789933264,0.010679226248518347,0.05714285714285714,orange,gray,0.8257079931329444,0.06726815773325125
3,Axitinib,594895.8541666666,44479.84002653852,4,668545.515625,78681.69528780475,0.18021318731579594,0.22857142857142856,gray,gray,0.8898359801434299,0.1240724937842266
3,Laduviglusib,611068.8333333334,42067.4338579837,4,657322.21875,84252.1148645679,0.3890615361480158,0.6285714285714286,gray,gray,0.9296336194071994,0.13525463624821343
3,Berzosertib,573622.8125,52172.099727765475,4,703714.5,72554.9901422298,0.03989590291319324,0.11428571428571428,orange,gray,0.8151357013391084,0.11206991337595905
3,Ceritinib,633988.375,43435.386123204604,4,742988.765625,35577.47052147898,0.02528373471107683,0.05714285714285714,orange,gray,0.853294698832614,0.07132392752722823
3,Navitoclax,769000.8125,32505.898800977262,4,733775.40625,17980.969001432284,0.1915487651180928,0.11428571428571428,gray,gray,1.0480057057649579,0.05120513966791827
3,Ro-3306,687063.4375,18272.803844507383,4,723475.34375,9988.30243184757,0.054939715560190755,0.05714285714285714,gray,gray,0.9496708401128563,0.02845729453548533
3,Empesertib,495680.0416666667,21082.934036495953,4,706214.90625,18283.444944620496,1.4969878527496992e-4,0.05714285714285714,orange,gray,0.7018827233465332,0.03494885835810447
3,SGX-523,523496.2395833333,47703.660054630476,2,683309.21875,19111.019169302643,0.01688131793065254,0.2,orange,gray,0.7661190939893686,0.07302692828952091
3,Alisertib,557354.4479166666,42050.847801031094,4,694390.9375,19136.151715173713,0.018605642114847748,0.05714285714285714,orange,gray,0.8026522493558128,0.06447120272403066
3,Onvansertib,534854.3125,10876.709969191339,4,712935.875,12554.916070362802,8.185638558908252e-6,0.05714285714285714,orange,gray,0.7502137727323653,0.020181504197009092
3,AZD1390,531895.125,58020.42839841116,4,725725.375,9042.805036297043,0.026785569016563187,0.05714285714285714,orange,gray,0.7329151540277891,0.08046808860616206
3,Camptothecin,301118.4791666667,12452.837648673967,4,728250.59375,9740.688048734566,2.1807323687911205e-6,0.05714285714285714,orange,gray,0.4134819549080068,0.017971781803088106
3,Tomivosertib,704855.7291666666,28471.179982553556,4,746524.046875,57802.473402000694,0.2707651813194834,0.6285714285714286,gray,gray,0.9441835559313062,0.08245706668147249
3,FRAX1036,867482.9166666666,38515.14590504935,4,769011.515625,53080.89226370816,0.036104624745345405,0.11428571428571428,orange,gray,1.1280493192116061,0.0925803179894028
3,Trametinib,620953.6666666666,33777.32467257373,4,742904.09375,37524.45367344987,0.0073039855546075325,0.05714285714285714,orange,gray,0.8358463385660494,0.06204560341099184
3,Lonafarnib,586939.7291666666,6818.083848170033,4,726749.34375,23424.85378336726,5.698096404811331e-4,0.05714285714285714,orange,gray,0.8076233356305204,0.027670556055550688
3,Niclosamide,707434.4166666666,28108.93939561958,4,722558.671875,26637.14767987004,0.5084980603437264,0.8571428571428571,gray,gray,0.9790684745792522,0.05306688485452304
3,BML-277,496622.0104166667,45524.4061897144,2,623777.125,103302.11354701921,0.3084893011802128,0.2,gray,gray,0.7961529695669214,0.1506999137131116
3,Ceralasertib,542410.4895833334,36994.80202376638,4,664692.765625,76602.60096589776,0.04324899087954216,0.11428571428571428,orange,gray,0.8160318836527631,0.10927908295330362
3,ZN-c3,459982.6770833333,12826.791619890422,4,689614.9375,44783.47485956617,9.95392233948261e-4,0.05714285714285714,orange,gray,0.6670137957725623,0.04714035028641446
3,(+)-JQ-1,551147.9895833334,30497.80888806574,4,677843.53125,52311.92300927567,0.010818454143480717,0.05714285714285714,orange,gray,0.8130902843713365,0.0772127654507709
3,Adavosertib,419072.3854166667,36440.658461339975,4,686891.21875,48181.94634264877,4.0643501394549365e-4,0.05714285714285714,orange,gray,0.610100076951474,0.06816097531965962
3,Adapalene,689017.4583333334,26917.524877386844,4,721904.015625,81005.43439039766,0.4924341827270262,0.8571428571428571,gray,gray,0.9544446954444566,0.11340417742504913
3,LB-100,643805.0625,36782.130266070184,4,721046.46875,106118.53119818497,0.24979883711518394,0.6285714285714286,gray,gray,0.8928759662551222,0.14096129765606494
3,Palbociclib (monohydrochloride),416643.5104166667,38766.28561013016,4,669697.921875,87762.05227653943,0.005497571551556745,0.05714285714285714,orange,gray,0.6221364839391479,0.09998917503767946
3,Copanlisib (dihydrochloride),317964.8645833333,17004.820559651624,4,651574.09375,86517.8854408587,0.0034616868244699357,0.05714285714285714,orange,gray,0.48799494582934116,0.06985562675501167
3,Oxaliplatin,675929.1875,33433.824218287904,4,671142.984375,87013.65077332417,0.9246709193753131,0.8571428571428571,gray,gray,1.0071314209288162,0.13975466739151385
4,Hydroxyurea,452998.7083333333,30986.537572418252,4,509829,26881.43400138287,0.06343152839599171,0.11428571428571428,gray,gray,0.8885306805484453,0.07673871252000602
4,Tazemetostat,515426.2916666667,36668.884599584824,2,498113.78125,4487.697380974248,0.5004447551842061,0.7999999999999998,gray,gray,1.034756136184832,0.07420342312513872
4,Pemetrexed,442104.8020833333,22700.363554837837,2,516362.40625,21319.755588686472,0.04910697158061214,0.2,orange,gray,0.8561909169454245,0.05641220901343197
4,Raloxifene (hydrochloride),487402.8333333333,75481.1129843796,2,539744.65625,11747.739480111828,0.35247015126995257,0.8,gray,gray,0.9030248427463395,0.14122039565212574
4,Mifepristone,465986.7395833333,20145.24080986462,2,566875.3125,26620.802544720547,0.055584911580953036,0.2,gray,gray,0.8220268713560062,0.052469841422387656
4,Fulvestrant,423762.7395833333,30472.42324539705,2,563410.09375,31521.36189756009,0.03186029112796389,0.2,orange,gray,0.7521390622642413,0.06852744495200282
4,Enzalutamide,491623.1770833333,14562.564004732378,2,546650.3125,7819.4519514037875,0.012160951562166414,0.2,orange,gray,0.8993375945126407,0.02958315074266651
4,Rucaparib,427945.15625,15002.84340641279,2,546546.6875,7965.999831804699,0.0014583623743687772,0.2,orange,gray,0.7829983531827737,0.029728054987539256
4,5-Fluorouracil,366524.7291666667,12579.328238113534,2,524329.234375,23454.223698958802,0.03483008476806477,0.2,orange,gray,0.6990354630970822,0.03941245613747913
4,Gemcitabine,258581.15104166666,8006.718783576741,6,519099.2708333333,33312.97381716076,1.7486053909707524e-6,0.023809523809523808,orange,orange,0.49813429833286943,0.03549411519868294
4,Erlotinib,455505.4166666667,7991.828865751953,4,529878.109375,44124.96812665206,0.040540089750013775,0.05714285714285714,orange,gray,0.8596418848175156,0.07315725744145894
4,Saracatinib,502892.6979166667,27606.51317182568,4,539732.25,37656.219386190875,0.19563134800132775,0.22857142857142856,gray,gray,0.931744764031919,0.08271631527163975
4,Ipatasertib,545037.8541666666,18738.820175758854,4,542599.015625,11582.043653028772,0.8546464318531712,1,gray,gray,1.0044947345487854,0.04064999578923547
4,Vorinostat,376358.9375,3187.378291028096,4,578034.390625,33572.266528146625,0.0011269779099079681,0.05714285714285714,orange,gray,0.6511012901724786,0.038215907337036795
4,Buparlisib,355741.7604166667,26376.715494460568,4,583016.203125,33142.08677042489,1.764547290482427e-4,0.05714285714285714,orange,gray,0.6101747404443832,0.05700821715526832
4,Everolimus,546079.0833333334,15427.487208856375,4,560653.53125,18141.319608256348,0.3051745149918217,0.4,gray,gray,0.9740045373759222,0.04183851323251453
4,Topotecan (Hydrochloride),284637,55784.84188578184,4,563219.609375,22718.59840368811,0.0072771262790254105,0.05714285714285714,orange,gray,0.5053748045382498,0.10112239481825354
4,Bortezomib,251827.80729166666,6679.4802791383245,4,550250.5390625,35784.969931990265,3.0080488610238336e-4,0.05714285714285714,orange,gray,0.45766026457824677,0.032143712712378474
4,FRAX597,535672.6979166666,25335.884678027218,6,519483.15625,32357.596480374108,0.447381329992405,0.38095238095238093,gray,gray,1.031164709523085,0.08064762086039952
4,Ganetespib,397010.15625,23071.08091763383,4,545693.484375,40649.03492603045,0.0019493876514485701,0.05714285714285714,orange,gray,0.7275332537728727,0.06873499860569879
4,Afatinib,414594.15625,87052.31678704025,4,546868.515625,39615.61916727018,0.10389528143385349,0.11428571428571428,gray,gray,0.7581240177562105,0.16839069186517597
4,Volasertib,480447.0625,11067.454334060902,4,526228.2421875,24819.497114641177,0.027014793820288516,0.05714285714285714,orange,gray,0.9130012872414633,0.047923195159985235
4,PF-573228,617203.2916666666,39076.31758036992,4,562270.1015625,44262.54978567707,0.14560305372742272,0.11428571428571428,gray,gray,1.0976989349985213,0.11089159401444326
4,ART558,594633.1041666666,24824.603284085722,4,579248.09375,31357.52232741488,0.5017598146490501,0.6285714285714286,gray,gray,1.0265603125546179,0.07017844740976029
4,Mirin,546741.75,10433.091259942148,4,560873.203125,18916.747776398362,0.26590982500661664,0.22857142857142856,gray,gray,0.9748045493236899,0.03777497937429803
4,Ferrostatin-1,246936.97395833334,33261.33590272304,4,502027.1328125,129695.20272071929,0.02477628680493674,0.05714285714285714,orange,gray,0.4918797368080916,0.14330849300684445
4,Barasertib,540008.84375,29310.180787599347,4,503712.2890625,130086.34435682821,0.6225834008248405,0.8571428571428571,gray,gray,1.0720581083202367,0.2829132553831109
4,Infigratinib,533518.25,11909.440846544549,6,518537.7916666667,23574.427240454745,0.24636155716962035,0.7142857142857142,gray,gray,1.0288898101046475,0.052111027834841395
4,Prexasertib,402388.5,83743.82435927085,4,526338.4296875,31889.849547145357,0.11256036758295665,0.11428571428571428,gray,gray,0.764505263730995,0.16571176549768135
4,Silmitasertib,482025.4479166667,5662.318861732098,4,542447.9453125,51619.2702462506,0.10013352522271518,0.05714285714285714,gray,gray,0.8886114365111579,0.08520198669728701
4,Olaparib,491580.3541666667,44363.285117827305,4,542089.6015625,47424.64104676974,0.21201174767559364,0.22857142857142856,gray,gray,0.9068249100328668,0.11397887156277355
4,T0070907,555540.5833333334,32565.01183985979,4,548479.9765625,24873.57560936194,0.7711221511721846,0.6285714285714286,gray,gray,1.0128730438166302,0.07506724820849327
4,Dabrafenib,457252.1458333333,11824.704582409788,4,576055.09375,29010.882731586873,0.0015011560855934824,0.05714285714285714,orange,gray,0.7937646082716082,0.044937303325599455
4,Selumetinib,542857.125,37085.54253276091,4,576503.9375,36036.81943848801,0.290252909003813,0.22857142857142856,gray,gray,0.9416364567327868,0.08719374862309107
4,Y-27632,482915.8333333333,30399.585153697855,4,506364.4921875,132835.3138223816,0.7528320251683278,0.4,gray,gray,0.9536921343894628,0.2572857104312956
4,IWR-1,528430.84375,7158.8912314048985,4,493280.1171875,123896.87578306254,0.6105476854992826,0.8571428571428571,gray,gray,1.0712591595276866,0.2694586393029617
4,Apoptozole,392478.40625,15772.02837121411,5,531694.08125,12432.82293400027,4.145239971092756e-4,0.03571428571428571,orange,orange,0.7381658365037517,0.034320157987001484
4,Gefitinib,471444.8854166667,24829.752875093545,4,533878.3046875,25031.81218868228,0.02581471777049565,0.05714285714285714,orange,gray,0.8830568338839353,0.06226781810794614
4,Paclitaxel,393849.5104166667,13489.11035539457,4,545648.2421875,47894.930571873876,0.005285304602877414,0.05714285714285714,orange,gray,0.721801116480696,0.068009154083786
4,SGI-1027,533999.9375,20928.97143997182,4,561354.875,40201.771650462586,0.29979000885626916,0.6285714285714286,gray,gray,0.9512697961338628,0.07766040931935604
4,PFK-015,521312.6041666667,7587.698407705863,4,581922.171875,32388.809905019305,0.02921403879991992,0.05714285714285714,orange,gray,0.8958459212628994,0.05153797878194462
4,Nedisertib,556776.4166666666,65404.645976638596,4,605728.46875,22287.870356189775,0.323330122216957,0.22857142857142856,gray,gray,0.9191848252000565,0.1131498777769485
4,Lapatinib,413072.21875,27111.566376073843,4,596007.15625,21021.780965828286,9.093285755027827e-4,0.05714285714285714,orange,gray,0.6930658708009431,0.0516409045775955
4,Dinaciclib,281524.0416666667,8208.793489131062,4,570232.515625,25294.88061555427,4.316385357399587e-5,0.05714285714285714,orange,gray,0.4937004361424461,0.026207653586718803
4,TAK-580,422401.375,33113.332018540765,4,544824.984375,25461.267236275147,0.007497746685189791,0.05714285714285714,orange,gray,0.7752973654182927,0.07075809455532857
4,KU-55933,518995.625,55639.323379924215,3,536639,12384.07795205829,0.6412310367177082,0.7,gray,gray,0.96712245103319,0.1060560311430161
4,GSK2606414,486237.0416666667,5993.111987544317,4,529632.1640625,11317.60612379186,0.0016006019345246323,0.05714285714285714,orange,gray,0.918065545598714,0.02264746225942374
4,Tipifarnib,502083.0833333333,12041.03520300855,4,540054.1171875,18379.418933760993,0.02176163947650914,0.05714285714285714,orange,gray,0.9296903168669232,0.03870637349259688
4,Axitinib,497949.34375,25893.691639427805,4,555803.078125,36119.09130078172,0.05669928530903859,0.11428571428571428,gray,gray,0.8959096546025449,0.07456623085558048
4,Laduviglusib,542914.5416666666,34931.035905662866,4,559550.015625,38161.81844729234,0.5768527349959495,0.8571428571428571,gray,gray,0.970269907079259,0.09097272054669142
4,Berzosertib,470530.15625,9986.19159549982,4,571429.4375,40859.80923073914,0.012668994791481158,0.05714285714285714,orange,gray,0.8234265254316724,0.06141751414496412
4,Ceritinib,498753.1145833333,23430.602693953224,4,578402.21875,43824.31864411692,0.02939919563489958,0.05714285714285714,orange,gray,0.8622946081728413,0.07687364949061534
4,Navitoclax,598572.25,11194.831582133951,4,571727.21875,23388.22548449972,0.10727359220937667,0.22857142857142856,gray,gray,1.0469542648480037,0.04709259525696085
4,Ro-3306,541945.3125,11753.17455852354,4,565747,23441.344450308752,0.14457517342082354,0.22857142857142856,gray,gray,0.957928742883303,0.04479922209656252
4,Empesertib,365252.8958333333,17626.573733523295,4,549804.609375,29058.983715255366,1.594259384386878e-4,0.05714285714285714,orange,gray,0.6643321820247031,0.04754668534399589
4,SGX-523,494035.5,9498.335721972808,2,500025.921875,31934.201772338474,0.8357939280177399,1,gray,gray,0.9880197773496681,0.06589721461504923
4,Alisertib,457902.1875,13907.782438773545,4,517862.203125,29928.16496795759,0.0204839187448324,0.05714285714285714,orange,gray,0.8842162736280503,0.05772784726619316
4,Onvansertib,457271.6145833333,2177.8674743145148,4,547411.5078125,19594.73512496231,0.002441812087489465,0.05714285714285714,orange,gray,0.8353343107649073,0.030164523272114812
4,AZD1390,475034.65625,13727.929220839638,4,577423.515625,23008.944720295225,8.253047076828515e-4,0.05714285714285714,orange,gray,0.8226797894363985,0.04049533830395071
4,Camptothecin,243063.05729166666,22074.332406174915,4,570776.234375,29052.25406982107,1.3591999990091793e-5,0.05714285714285714,orange,gray,0.4258464922910126,0.04433417380426796
4,Tomivosertib,598695.8333333334,31841.40531912206,4,539791.359375,7044.976852704573,0.08018723934210574,0.05714285714285714,gray,gray,1.109124521790301,0.060738510880743245
4,FRAX1036,613620.3125,16430.09692404746,4,543294.53125,11505.218554790239,0.005240849813561194,0.05714285714285714,orange,gray,1.129443197390918,0.038556747323060976
4,Trametinib,487318.15625,13915.824159498638,4,569944.234375,26446.470996085845,0.003788760290699604,0.05714285714285714,orange,gray,0.8550277849277524,0.04658586233493657
4,Lonafarnib,486863.71875,10249.785416151328,4,581379.921875,23401.091743216042,0.00147088729224393,0.05714285714285714,orange,gray,0.8374278168737284,0.03803945151873868
4,Niclosamide,336048.0729166667,22382.633529091057,4,545912.4375,41076.48201278775,4.477491775901847e-4,0.05714285714285714,orange,gray,0.6155713807430274,0.06185773669648966
4,BML-277,454227.7395833333,1823.3444412664865,2,497959.0625,29011.221212695495,0.2785234779881103,0.2,gray,gray,0.9121788793297306,0.05326976773038062
4,Ceralasertib,409413.34375,24598.50024677572,4,517227.9921875,29877.433740514996,0.0036153399109578113,0.05714285714285714,orange,gray,0.7915529513754233,0.0659731039268657
4,ZN-c3,390115.7083333333,3514.8078300750344,4,539622.7734375,24518.257706117773,9.546774022382379e-4,0.05714285714285714,orange,gray,0.7229415205148253,0.03348707571819844
4,(+)-JQ-1,423822.1041666667,42517.04430677549,4,552709.328125,33865.029188353874,0.014012963904866196,0.05714285714285714,orange,gray,0.7668083070072876,0.09013784814063525
4,Adavosertib,363381.6041666667,9285.905115433041,4,536907.0859375,46705.00485770992,0.0038698028259914288,0.05714285714285714,orange,gray,0.6768053797095295,0.06136239642589148
4,Adapalene,505937.5520833333,6913.967814700061,4,510107.046875,33781.93491626143,0.8241985591703358,1,gray,gray,0.9918262356554184,0.06706773886713323
4,LB-100,492440.5729166667,8446.437373648498,4,518627.796875,32503.416559444697,0.20704529778815853,0.4,gray,gray,0.9495067095976636,0.06169581190979123
4,Palbociclib (monohydrochloride),422074.40625,25417.65236872792,4,536812.2109375,57217.20392838509,0.020440671170804767,0.05714285714285714,orange,gray,0.7862608145833354,0.09625621820349498
4,Copanlisib (dihydrochloride),265587.5,12168.506782838009,4,502843.8046875,106917.80872774878,0.02027627839929067,0.05714285714285714,orange,gray,0.5281709698403333,0.11488072215856751
4,Oxaliplatin,510705.7708333333,35478.31047088474,4,467506.2421875,82028.68060637316,0.39608784022591326,0.6285714285714286,gray,gray,1.092404175062346,0.20614973611997722
